{"cameraMode":{"drawMode":0,"name":"Shaded","section":"Shading Mode"},"sceneLighting":true,"audioPlay":false,"sceneViewState":{"m_AlwaysRefresh":false,"showFog":true,"showSkybox":true,"showFlares":true,"showImageEffects":true,"showParticleSystems":true,"showVisualEffectGraphs":true,"m_FxEnabled":true},"in2DMode":false,"pivot":{"x":0.0617297999560833,"y":3.5648136138916017,"z":5.518122673034668},"rotation":{"x":0.004132464528083801,"y":0.9519574642181397,"z":-0.30610403418540957,"w":0.01286877878010273},"size":1.2247449159622193,"orthographic":false}